Compound Name,SMILES
5-Hydroxymethylfurfural,C1=C(OC(=C1)C=O)CO
Caprolactam,C1CCC(=O)NCC1
Diethyl Phthalate,CCOC(=O)C1=CC=CC=C1C(=O)OCC
Dodecanoic acid (Capric acid),CCCCCCCCCCC(=O)O
Octadecanoic acid (Stearic acid),CCCCCCCCCCCCCCCCCCC(=O)O
Pentadecanoic Acid,CCCCCCCCCCCCCCC(=O)O
Tetradecanoic Acid (Myristic Acid),CCCCCCCCCCCCCC(=O)O
Heptadecanoic acid methyl ester (Methyl margarate),CCCCCCCCCCCCCCCCC(=O)OC
n-Hexadecanoic Acid (Palmitic acid),CCCCCCCCCCCCCCCCC(=O)O
Dodecanoic acid (Lauric acid),CCCCCCCCCCCC(=O)O
"11-Octadecenoic acid, methyl ester (Methyl vaccinate)",CCCCC/C=C/CCCCCCCCCC(=O)OC
"1,4-Butanediamine (Putrescine)",C(CCN)CN
Lidocaine,CCN(CC)CC(=O)NC1=C(C=CC=C1C)C
N-Methoxy-1-ribofuranosyl-4-imidazolecarboxylic amide,COC1=C(N=CN1C2C(C(C(O2)CO)O)O)C(=O)N
"Pentanoic acid, 2-hydroxy-4-methyl-, (S)",CC(C)CC@@HO
Undecanoic Acid,CCCCCCCCCCC(=O)O
Cycloserine,C1C@HN
2-Acetamido-d-mannitol,CC(=O)NOC(CO)C(C(C(CO)O)O)O
Tetrahydro-3-furanmethanol,C1COCC1CO
3-Methyl-5-hydroxy-isoxazole,CC1=CC(=O)ON1
"Octahydropyrrolo[1,2-a]pyrazine",C1CC2CNCCN2C1
1-Sec-butyldiaziridine,CCC(C)N1CN1
"Alpha-D-Mannopyranoside, methyl 3,6-anhydro-",CO[C@@H]1C@HO
4-Trifluoroacetoxyhexadecane,CCCCCCCCCCCCCCC(CCC)OC(=O)C(F)(F)F
"9,12-Octadecadienoic acid (Z,Z)-, methyl ester (Methyl linoleate)",CCCCC/C=C\C/C=C\CCCCCCCC(=O)OC
Azacyclotridecan-2-one (Laurolactam),C1CCCCCC(=O)NCCCCC1
4-Piperidinemethanamine,C1CNCCC1CN
"2,3-Anhydro-d-galactosan",C1[C@@H]2C@@HO
Bis(2-ethylhexyl) phthalate,CCCCC(CC)COC(=O)C1=CC=CC=C1C(=O)OCC(CC)CCCC
1-Trifluoroacetoxy-2-methylpentane,CCCC(C)COC(=O)C(F)(F)F
2-Pyridineacetic Acid,C1=CC=NC(=C1)CC(=O)O
"Phthalic Acid, 2-Hexyl Ester",CCCCC(C)OC(=O)C1=CC=CC=C1C(=O)O
"N(2),N(2)-Dimethyl-1,2-butanediamine",CCC(CN)N(C)C
Glyceraldehyde,C(C(C=O)O)O
Salicylic Acid,C1=CC=C(C(=C1)C(=O)O)O
Carbohydrazide,C(=O)(NN)NN
3-Acetamido-s-Triazole,CC(=O)NC1=NC=NN1
"1-Nitro-2-acetamido-1,2-dideoxy-D-mannitol",CC(=O)NC@HC@HO
"Methyl 10-trans,12-cis-Octadecadienoate",CCCCC/C=C\C=C\CCCCCCCCC(=O)OC
Oleic Acid,CCCCCCCC/C=C\CCCCCCCC(=O)O
E-9-Tetradecenoic Acid,CCCC/C=C/CCCCCCCC(=O)O
"4,5,7,8-Tetrahydro-1,5-diazocine-2,6(1H,3H)-dione",C1CNC(=O)CCNC1=O
Pantolactone,CC1(COC(=O)[C@@H]1O)C
dl-Mevalonic Acid Lactone,CC1(CCOC(=O)C1)O
"1,2,4-Butanetriol",C(CO)C(CO)O
